{"cameraMode":{"drawMode":0,"name":"Shaded","section":"Shading Mode"},"sceneLighting":true,"audioPlay":false,"sceneViewState":{"m_AlwaysRefresh":false,"showFog":true,"showSkybox":true,"showFlares":true,"showImageEffects":true,"showParticleSystems":true,"showVisualEffectGraphs":true,"m_FxEnabled":true},"in2DMode":false,"pivot":{"x":0.8621041774749756,"y":1.002616047859192,"z":1.0273969173431397},"rotation":{"x":0.08133968710899353,"y":-0.3140731453895569,"z":0.027009764686226846,"w":0.9455485343933106},"size":5.197765827178955,"orthographic":false}